Gabriel;gabrielferreirajobs@outlook.com;34984443810;
Mirela;mirelasouza@outlook.com;34984443810;
Andre;andremartins@outlook.com;34984143816;
Bruno;brunoalves@outlook.com;34991548515;
Jandrei;jandreiruimdemais@outlook.com;90907070;
Senhora;senhoramaria@outlook.com;36612426;
Yudi;yudibomdiacia@outlook.com;40028922;
Pricila;priscilabomdiacia@outlook.com;400289221;
Rodrigo;rodrigowilbert@gmail.com;6589884577;
Thiago Mendes;thiago.mendes@example.com;(11) 9876-5432;
Beatriz Carvalho;beatriz.carvalho@example.com;(21) 9123-4567;
Pedro Silva;pedro.silva@example.com;(31) 9345-6789;
Camila Sousa;camila.sousa@example.com;(41) 9987-6543;
Rafael Ribeiro;rafael.ribeiro@example.com;(51) 9234-5678;
Fernanda Araujo;fernanda.araujo@example.com;(61) 9567-8901;
Leonardo Freitas;leonardo.freitas@example.com;(71) 9745-6123;
Isabela Gomes;isabela.gomes@example.com;(81) 9867-1234;
Bruno Cardoso;bruno.cardoso@example.com;(91) 9654-3210;
Carolina Ferreira;carolina.ferreira@example.com;(19) 9876-5432;
Victor Monteiro;victor.monteiro@example.com;(32) 9543-2109;
Amanda Moreira;amanda.moreira@example.com;(47) 9345-6789;
